{"cameraMode":{"drawMode":0,"name":"Shaded","section":"Shading Mode"},"sceneLighting":true,"audioPlay":false,"sceneViewState":{"showFog":true,"showMaterialUpdate":false,"showSkybox":true,"showFlares":true,"showImageEffects":true,"showParticleSystems":true},"in2DMode":false,"pivot":{"x":1.5948524475097657,"y":1.4375,"z":14.091796875},"rotation":{"x":0.00017741360352374613,"y":0.8078451752662659,"z":-0.5893951654434204,"w":0.0002431684115435928},"size":43.53923034667969,"orthographic":true}