{"cameraMode":{"drawMode":0,"name":"Shaded","section":"Shading Mode"},"sceneLighting":true,"audioPlay":false,"sceneViewState":{"showFog":true,"showMaterialUpdate":false,"showSkybox":true,"showFlares":true,"showImageEffects":true,"showParticleSystems":true},"in2DMode":false,"pivot":{"x":0.6533513069152832,"y":-27.328458786010743,"z":5.573642730712891},"rotation":{"x":0.0018618324538692833,"y":0.8260073661804199,"z":-0.563660204410553,"w":0.0027257695328444244},"size":62.46029281616211,"orthographic":false}